Forename,Surename,Password
Julia,ANDERSSON,DERSuren493
Emma,JOHANSSON,HANSDERS413
Hanna,KARLSSON,ARLSHANS569
Elin,NILSSON,NILSARLS662
Wilma,ERIKSSON,RIKSNILS676
Ida,LARSSON,LARSRIKS214
Amanda,OLSSON,OLSSLARS481
Linnéa,PERSSON,PERSOLSS378
Matilda,SVENSSON,VENSPERS686
Maja,GUSTAFSSON,TAFSVENS646
Klara,PETTERSSON,TERSTAFS554
Moa,JONSSON,JONSTERS221
Sara,JANSSON,JANSJONS967
Felicia,HANSSON,HANSJANS248
Ebba,BENGTSSON,NGTSHANS383
Emilia,JÖNSSON,JÖNSNGTS773
Alva,LINDBERG,INDBJÖNS554
Johanna,JAKOBSSON,KOBSINDB876
Sofia,MAGNUSSON,GNUSKOBS718
Emelie,LINDSTRÖM,NDSTGNUS727
Josefine,OLOFSSON,LOFSNDST725
Alice,LINDQVIST,NDQVLOFS631
Tilda,LINDGREN,INDGNDQV886
